Question,Class,Image
Question_001,Anabaena,anabaena8.jpg
Question_002,Microcystis,Microcystis10.jpg
Question_003,Nostoc,nostoc-sp.jpg
Question_004,Planktothrix,Planktothrix4.JPG
Question_005,Limnothrix,Limnothrix10.JPG
Question_006,Aphanizomenon,Aphanizomenon2.jpg
Question_007,Aphanizomenon,Aphanizomenon6.JPG
Question_008,Limnothrix,Limnothrix5.JPG
Question_009,Nostoc,Nostoc sp. 6.jpg
Question_010,Limnothrix,Limnothrix6.JPG
Question_011,Nostoc,Nostoc_Sp_11.jpg
Question_012,Aphanizomenon,Aphanizomenon3.jpg
Question_013,Anabaena,anabaena5.jpg
Question_014,Microcystis,Microcystis8.jpg
Question_015,Microcystis,microcystis2.jpg
Question_016,Nostoc,Nostoc sp. 5.jpg
Question_017,Planktothrix,Planktothrix7.JPG
Question_018,Nostoc,Nostoc_Sp_8.jpg
Question_019,Planktothrix,Planktothrix2.JPG
Question_020,Nostoc,Nostoc sp..jpg
Question_021,Limnothrix,Limnothrix3.JPG
Question_022,Limnothrix,Limnothrix7.JPG
Question_023,Aphanizomenon,Aphanizomenon5.JPG
Question_024,Anabaena,Anabaena3.jpg
Question_025,Limnothrix,Limnothrix4.JPG
Question_026,Planktothrix,Planktothrix8.JPG
Question_027,Planktothrix,Planktothrix9.JPG
Question_028,Aphanizomenon,Aphanizomenon10.jpg
Question_029,Aphanizomenon,Aphanizomenon9.jpg
Question_030,Anabaena,Anabaena10.jpg
Question_031,Aphanizomenon,Aphanizomenon8.jpg
Question_032,Anabaena,Anabaena1.jpg
Question_033,Planktothrix,Planktothrix10.JPG
Question_034,Anabaena,anabaena7.jpg
Question_035,Planktothrix,Planktothrix6.JPG
Question_036,Microcystis,Microcystis7.jpg
Question_037,Planktothrix,Planktothrix1.JPG
Question_038,Anabaena,anabaena9.jpg
Question_039,Aphanizomenon,Aphanizomenon1.jpg
Question_040,Limnothrix,Limnothrix8.JPG
Question_041,Microcystis,Microcystis9.jpg
Question_042,Anabaena,Anabaena6.jpg
Question_043,Limnothrix,Limnothrix2.JPG
Question_044,Limnothrix,Limnothrix1.JPG
Question_045,Microcystis,Microcystis5.JPG
Question_046,Microcystis,Microcystis6.JPG
Question_047,Limnothrix,Limnothrix9.JPG
Question_048,Microcystis,microcystis3.jpg
Question_049,Nostoc,Nostoc sp. 4.jpg
Question_050,Nostoc,Nostoc_Sp_5.jpg
Question_051,Planktothrix,Planktothrix5.JPG
Question_052,Microcystis,microcystis4.jpg
Question_053,Planktothrix,Planktothrix3.JPG
Question_054,Microcystis,Microcystis1.jpg
Question_055,Anabaena,Anabaena2.jpg
Question_056,Aphanizomenon,Aphanizomenon4.jpg
Question_057,Anabaena,anabaena4.jpg
Question_058,Aphanizomenon,Aphanizomenon7.jpg
Question_059,Nostoc,Nostoc sp. 2.jpg
Question_060,Nostoc,Nostoc sp. 7.jpg
